REGION_RESIDENCIA,GLOSA_REGION_RESIDENCIA,variable,nulos,nacimientos,pct_nulos
1,De Tarapacá,MES_NAC,0,18801,0.0
1,De Tarapacá,ANO_NAC,0,18801,0.0
1,De Tarapacá,SEXO,0,18801,0.0
1,De Tarapacá,TIPO_PARTO,0,18801,0.0
1,De Tarapacá,TIPO_ATEN,0,18801,0.0
1,De Tarapacá,PARTO_LOCAL,0,18801,0.0
1,De Tarapacá,SEMANAS,65,18801,0.3457262911547258
1,De Tarapacá,RANGO_PESO,0,18801,0.0
1,De Tarapacá,TALLA,65,18801,0.3457262911547258
1,De Tarapacá,GRUPO_ETARIO_PADRE,0,18801,0.0
1,De Tarapacá,CURSO_PADRE,0,18801,0.0
1,De Tarapacá,NIVEL_PADRE,2277,18801,12.111057922450934
1,De Tarapacá,ACTIV_PADRE,2643,18801,14.057762884952927
1,De Tarapacá,OCUPA_PADRE,0,18801,0.0
1,De Tarapacá,CATEG_PADRE,0,18801,0.0
1,De Tarapacá,GRUPO_ETARIO_MADRE,0,18801,0.0
1,De Tarapacá,EST_CIV_MADRE,0,18801,0.0
1,De Tarapacá,CURSO_MADRE,0,18801,0.0
1,De Tarapacá,NIVEL_MADRE,0,18801,0.0
1,De Tarapacá,ACTIV_MADRE,0,18801,0.0
1,De Tarapacá,OCUPA_MADRE,0,18801,0.0
1,De Tarapacá,CATEG_MADRE,0,18801,0.0
1,De Tarapacá,NACIONALIDAD_MADRE,0,18801,0.0
2,De Antofagasta,MES_NAC,0,28659,0.0
2,De Antofagasta,ANO_NAC,0,28659,0.0
2,De Antofagasta,SEXO,0,28659,0.0
2,De Antofagasta,TIPO_PARTO,0,28659,0.0
2,De Antofagasta,TIPO_ATEN,0,28659,0.0
2,De Antofagasta,PARTO_LOCAL,0,28659,0.0
2,De Antofagasta,SEMANAS,28,28659,0.09770054782092885
2,De Antofagasta,RANGO_PESO,0,28659,0.0
2,De Antofagasta,TALLA,28,28659,0.09770054782092885
2,De Antofagasta,GRUPO_ETARIO_PADRE,0,28659,0.0
2,De Antofagasta,CURSO_PADRE,0,28659,0.0
2,De Antofagasta,NIVEL_PADRE,2714,28659,9.469974528071461
2,De Antofagasta,ACTIV_PADRE,3036,28659,10.593530828012144
2,De Antofagasta,OCUPA_PADRE,0,28659,0.0
2,De Antofagasta,CATEG_PADRE,0,28659,0.0
2,De Antofagasta,GRUPO_ETARIO_MADRE,0,28659,0.0
2,De Antofagasta,EST_CIV_MADRE,0,28659,0.0
2,De Antofagasta,CURSO_MADRE,0,28659,0.0
2,De Antofagasta,NIVEL_MADRE,0,28659,0.0
2,De Antofagasta,ACTIV_MADRE,0,28659,0.0
2,De Antofagasta,OCUPA_MADRE,0,28659,0.0
2,De Antofagasta,CATEG_MADRE,0,28659,0.0
2,De Antofagasta,NACIONALIDAD_MADRE,0,28659,0.0
3,De Atacama,MES_NAC,0,12555,0.0
3,De Atacama,ANO_NAC,0,12555,0.0
3,De Atacama,SEXO,0,12555,0.0
3,De Atacama,TIPO_PARTO,0,12555,0.0
3,De Atacama,TIPO_ATEN,0,12555,0.0
3,De Atacama,PARTO_LOCAL,0,12555,0.0
3,De Atacama,SEMANAS,7,12555,0.05575467941059339
3,De Atacama,RANGO_PESO,0,12555,0.0
3,De Atacama,TALLA,7,12555,0.05575467941059339
3,De Atacama,GRUPO_ETARIO_PADRE,0,12555,0.0
3,De Atacama,CURSO_PADRE,0,12555,0.0
3,De Atacama,NIVEL_PADRE,1252,12555,9.972122660294703
3,De Atacama,ACTIV_PADRE,1405,12555,11.190760653126244
3,De Atacama,OCUPA_PADRE,0,12555,0.0
3,De Atacama,CATEG_PADRE,0,12555,0.0
3,De Atacama,GRUPO_ETARIO_MADRE,0,12555,0.0
3,De Atacama,EST_CIV_MADRE,0,12555,0.0
3,De Atacama,CURSO_MADRE,0,12555,0.0
3,De Atacama,NIVEL_MADRE,0,12555,0.0
3,De Atacama,ACTIV_MADRE,0,12555,0.0
3,De Atacama,OCUPA_MADRE,0,12555,0.0
3,De Atacama,CATEG_MADRE,0,12555,0.0
3,De Atacama,NACIONALIDAD_MADRE,0,12555,0.0
4,De Coquimbo,MES_NAC,0,31196,0.0
4,De Coquimbo,ANO_NAC,0,31196,0.0
4,De Coquimbo,SEXO,0,31196,0.0
4,De Coquimbo,TIPO_PARTO,0,31196,0.0
4,De Coquimbo,TIPO_ATEN,0,31196,0.0
4,De Coquimbo,PARTO_LOCAL,0,31196,0.0
4,De Coquimbo,SEMANAS,41,31196,0.1314271060392358
4,De Coquimbo,RANGO_PESO,0,31196,0.0
4,De Coquimbo,TALLA,41,31196,0.1314271060392358
4,De Coquimbo,GRUPO_ETARIO_PADRE,0,31196,0.0
4,De Coquimbo,CURSO_PADRE,0,31196,0.0
4,De Coquimbo,NIVEL_PADRE,2545,31196,8.158097191947686
4,De Coquimbo,ACTIV_PADRE,3203,31196,10.267341966918837
4,De Coquimbo,OCUPA_PADRE,0,31196,0.0
4,De Coquimbo,CATEG_PADRE,0,31196,0.0
4,De Coquimbo,GRUPO_ETARIO_MADRE,0,31196,0.0
4,De Coquimbo,EST_CIV_MADRE,0,31196,0.0
4,De Coquimbo,CURSO_MADRE,0,31196,0.0
4,De Coquimbo,NIVEL_MADRE,0,31196,0.0
4,De Coquimbo,ACTIV_MADRE,0,31196,0.0
4,De Coquimbo,OCUPA_MADRE,0,31196,0.0
4,De Coquimbo,CATEG_MADRE,0,31196,0.0
4,De Coquimbo,NACIONALIDAD_MADRE,0,31196,0.0
5,De Valparaíso,MES_NAC,0,70037,0.0
5,De Valparaíso,ANO_NAC,0,70037,0.0
5,De Valparaíso,SEXO,0,70037,0.0
5,De Valparaíso,TIPO_PARTO,0,70037,0.0
5,De Valparaíso,TIPO_ATEN,0,70037,0.0
5,De Valparaíso,PARTO_LOCAL,0,70037,0.0
5,De Valparaíso,SEMANAS,46,70037,0.0656795693704756
5,De Valparaíso,RANGO_PESO,0,70037,0.0
5,De Valparaíso,TALLA,46,70037,0.0656795693704756
5,De Valparaíso,GRUPO_ETARIO_PADRE,0,70037,0.0
5,De Valparaíso,CURSO_PADRE,0,70037,0.0
5,De Valparaíso,NIVEL_PADRE,4832,70037,6.899210417350829
5,De Valparaíso,ACTIV_PADRE,5981,70037,8.539771834887274
5,De Valparaíso,OCUPA_PADRE,0,70037,0.0
5,De Valparaíso,CATEG_PADRE,0,70037,0.0
5,De Valparaíso,GRUPO_ETARIO_MADRE,0,70037,0.0
5,De Valparaíso,EST_CIV_MADRE,0,70037,0.0
5,De Valparaíso,CURSO_MADRE,0,70037,0.0
5,De Valparaíso,NIVEL_MADRE,0,70037,0.0
5,De Valparaíso,ACTIV_MADRE,0,70037,0.0
5,De Valparaíso,OCUPA_MADRE,0,70037,0.0
5,De Valparaíso,CATEG_MADRE,0,70037,0.0
5,De Valparaíso,NACIONALIDAD_MADRE,0,70037,0.0
6,Del Libertador B. O'Higgins,MES_NAC,0,38663,0.0
6,Del Libertador B. O'Higgins,ANO_NAC,0,38663,0.0
6,Del Libertador B. O'Higgins,SEXO,0,38663,0.0
6,Del Libertador B. O'Higgins,TIPO_PARTO,0,38663,0.0
6,Del Libertador B. O'Higgins,TIPO_ATEN,0,38663,0.0
6,Del Libertador B. O'Higgins,PARTO_LOCAL,0,38663,0.0
6,Del Libertador B. O'Higgins,SEMANAS,24,38663,0.062074851925613635
6,Del Libertador B. O'Higgins,RANGO_PESO,0,38663,0.0
6,Del Libertador B. O'Higgins,TALLA,24,38663,0.062074851925613635
6,Del Libertador B. O'Higgins,GRUPO_ETARIO_PADRE,0,38663,0.0
6,Del Libertador B. O'Higgins,CURSO_PADRE,0,38663,0.0
6,Del Libertador B. O'Higgins,NIVEL_PADRE,2389,38663,6.179034218762124
6,Del Libertador B. O'Higgins,ACTIV_PADRE,2879,38663,7.446395778910069
6,Del Libertador B. O'Higgins,OCUPA_PADRE,0,38663,0.0
6,Del Libertador B. O'Higgins,CATEG_PADRE,0,38663,0.0
6,Del Libertador B. O'Higgins,GRUPO_ETARIO_MADRE,0,38663,0.0
6,Del Libertador B. O'Higgins,EST_CIV_MADRE,0,38663,0.0
6,Del Libertador B. O'Higgins,CURSO_MADRE,0,38663,0.0
6,Del Libertador B. O'Higgins,NIVEL_MADRE,0,38663,0.0
6,Del Libertador B. O'Higgins,ACTIV_MADRE,0,38663,0.0
6,Del Libertador B. O'Higgins,OCUPA_MADRE,0,38663,0.0
6,Del Libertador B. O'Higgins,CATEG_MADRE,0,38663,0.0
6,Del Libertador B. O'Higgins,NACIONALIDAD_MADRE,0,38663,0.0
7,Del Maule,MES_NAC,0,44976,0.0
7,Del Maule,ANO_NAC,0,44976,0.0
7,Del Maule,SEXO,0,44976,0.0
7,Del Maule,TIPO_PARTO,0,44976,0.0
7,Del Maule,TIPO_ATEN,0,44976,0.0
7,Del Maule,PARTO_LOCAL,0,44976,0.0
7,Del Maule,SEMANAS,25,44976,0.055585200996086805
7,Del Maule,RANGO_PESO,0,44976,0.0
7,Del Maule,TALLA,27,44976,0.06003201707577375
7,Del Maule,GRUPO_ETARIO_PADRE,0,44976,0.0
7,Del Maule,CURSO_PADRE,0,44976,0.0
7,Del Maule,NIVEL_PADRE,2757,44976,6.1299359658484525
7,Del Maule,ACTIV_PADRE,3442,44976,7.652970473141231
7,Del Maule,OCUPA_PADRE,0,44976,0.0
7,Del Maule,CATEG_PADRE,0,44976,0.0
7,Del Maule,GRUPO_ETARIO_MADRE,0,44976,0.0
7,Del Maule,EST_CIV_MADRE,0,44976,0.0
7,Del Maule,CURSO_MADRE,0,44976,0.0
7,Del Maule,NIVEL_MADRE,0,44976,0.0
7,Del Maule,ACTIV_MADRE,0,44976,0.0
7,Del Maule,OCUPA_MADRE,0,44976,0.0
7,Del Maule,CATEG_MADRE,0,44976,0.0
7,Del Maule,NACIONALIDAD_MADRE,0,44976,0.0
8,Del Bíobío,MES_NAC,0,61549,0.0
8,Del Bíobío,ANO_NAC,0,61549,0.0
8,Del Bíobío,SEXO,0,61549,0.0
8,Del Bíobío,TIPO_PARTO,0,61549,0.0
8,Del Bíobío,TIPO_ATEN,0,61549,0.0
8,Del Bíobío,PARTO_LOCAL,0,61549,0.0
8,Del Bíobío,SEMANAS,64,61549,0.10398219304944029
8,Del Bíobío,RANGO_PESO,0,61549,0.0
8,Del Bíobío,TALLA,64,61549,0.10398219304944029
8,Del Bíobío,GRUPO_ETARIO_PADRE,0,61549,0.0
8,Del Bíobío,CURSO_PADRE,0,61549,0.0
8,Del Bíobío,NIVEL_PADRE,3588,61549,5.829501697834246
8,Del Bíobío,ACTIV_PADRE,4471,61549,7.264131017563242
8,Del Bíobío,OCUPA_PADRE,0,61549,0.0
8,Del Bíobío,CATEG_PADRE,0,61549,0.0
8,Del Bíobío,GRUPO_ETARIO_MADRE,0,61549,0.0
8,Del Bíobío,EST_CIV_MADRE,0,61549,0.0
8,Del Bíobío,CURSO_MADRE,0,61549,0.0
8,Del Bíobío,NIVEL_MADRE,0,61549,0.0
8,Del Bíobío,ACTIV_MADRE,0,61549,0.0
8,Del Bíobío,OCUPA_MADRE,0,61549,0.0
8,Del Bíobío,CATEG_MADRE,0,61549,0.0
8,Del Bíobío,NACIONALIDAD_MADRE,0,61549,0.0
9,De La Araucanía,MES_NAC,0,40335,0.0
9,De La Araucanía,ANO_NAC,0,40335,0.0
9,De La Araucanía,SEXO,0,40335,0.0
9,De La Araucanía,TIPO_PARTO,0,40335,0.0
9,De La Araucanía,TIPO_ATEN,0,40335,0.0
9,De La Araucanía,PARTO_LOCAL,0,40335,0.0
9,De La Araucanía,SEMANAS,29,40335,0.07189785546051816
9,De La Araucanía,RANGO_PESO,0,40335,0.0
9,De La Araucanía,TALLA,29,40335,0.07189785546051816
9,De La Araucanía,GRUPO_ETARIO_PADRE,0,40335,0.0
9,De La Araucanía,CURSO_PADRE,0,40335,0.0
9,De La Araucanía,NIVEL_PADRE,2605,40335,6.458410809470683
9,De La Araucanía,ACTIV_PADRE,3381,40335,8.382298252138341
9,De La Araucanía,OCUPA_PADRE,0,40335,0.0
9,De La Araucanía,CATEG_PADRE,0,40335,0.0
9,De La Araucanía,GRUPO_ETARIO_MADRE,0,40335,0.0
9,De La Araucanía,EST_CIV_MADRE,0,40335,0.0
9,De La Araucanía,CURSO_MADRE,0,40335,0.0
9,De La Araucanía,NIVEL_MADRE,0,40335,0.0
9,De La Araucanía,ACTIV_MADRE,0,40335,0.0
9,De La Araucanía,OCUPA_MADRE,1,40335,0.0024792363951902812
9,De La Araucanía,CATEG_MADRE,0,40335,0.0
9,De La Araucanía,NACIONALIDAD_MADRE,0,40335,0.0
10,De Los Lagos,MES_NAC,0,34492,0.0
10,De Los Lagos,ANO_NAC,0,34492,0.0
10,De Los Lagos,SEXO,0,34492,0.0
10,De Los Lagos,TIPO_PARTO,0,34492,0.0
10,De Los Lagos,TIPO_ATEN,0,34492,0.0
10,De Los Lagos,PARTO_LOCAL,0,34492,0.0
10,De Los Lagos,SEMANAS,27,34492,0.07827902122231242
10,De Los Lagos,RANGO_PESO,0,34492,0.0
10,De Los Lagos,TALLA,27,34492,0.07827902122231242
10,De Los Lagos,GRUPO_ETARIO_PADRE,0,34492,0.0
10,De Los Lagos,CURSO_PADRE,0,34492,0.0
10,De Los Lagos,NIVEL_PADRE,2151,34492,6.23622869071089
10,De Los Lagos,ACTIV_PADRE,2396,34492,6.9465383277281685
10,De Los Lagos,OCUPA_PADRE,0,34492,0.0
10,De Los Lagos,CATEG_PADRE,0,34492,0.0
10,De Los Lagos,GRUPO_ETARIO_MADRE,0,34492,0.0
10,De Los Lagos,EST_CIV_MADRE,0,34492,0.0
10,De Los Lagos,CURSO_MADRE,0,34492,0.0
10,De Los Lagos,NIVEL_MADRE,0,34492,0.0
10,De Los Lagos,ACTIV_MADRE,0,34492,0.0
10,De Los Lagos,OCUPA_MADRE,0,34492,0.0
10,De Los Lagos,CATEG_MADRE,0,34492,0.0
10,De Los Lagos,NACIONALIDAD_MADRE,0,34492,0.0
11,De Aisén del Gral. C. Ibáñez del Campo,MES_NAC,0,4050,0.0
11,De Aisén del Gral. C. Ibáñez del Campo,ANO_NAC,0,4050,0.0
11,De Aisén del Gral. C. Ibáñez del Campo,SEXO,0,4050,0.0
11,De Aisén del Gral. C. Ibáñez del Campo,TIPO_PARTO,0,4050,0.0
11,De Aisén del Gral. C. Ibáñez del Campo,TIPO_ATEN,0,4050,0.0
11,De Aisén del Gral. C. Ibáñez del Campo,PARTO_LOCAL,0,4050,0.0
11,De Aisén del Gral. C. Ibáñez del Campo,SEMANAS,16,4050,0.3950617283950617
11,De Aisén del Gral. C. Ibáñez del Campo,RANGO_PESO,0,4050,0.0
11,De Aisén del Gral. C. Ibáñez del Campo,TALLA,16,4050,0.3950617283950617
11,De Aisén del Gral. C. Ibáñez del Campo,GRUPO_ETARIO_PADRE,0,4050,0.0
11,De Aisén del Gral. C. Ibáñez del Campo,CURSO_PADRE,0,4050,0.0
11,De Aisén del Gral. C. Ibáñez del Campo,NIVEL_PADRE,293,4050,7.234567901234568
11,De Aisén del Gral. C. Ibáñez del Campo,ACTIV_PADRE,327,4050,8.074074074074074
11,De Aisén del Gral. C. Ibáñez del Campo,OCUPA_PADRE,0,4050,0.0
11,De Aisén del Gral. C. Ibáñez del Campo,CATEG_PADRE,0,4050,0.0
11,De Aisén del Gral. C. Ibáñez del Campo,GRUPO_ETARIO_MADRE,0,4050,0.0
11,De Aisén del Gral. C. Ibáñez del Campo,EST_CIV_MADRE,0,4050,0.0
11,De Aisén del Gral. C. Ibáñez del Campo,CURSO_MADRE,0,4050,0.0
11,De Aisén del Gral. C. Ibáñez del Campo,NIVEL_MADRE,0,4050,0.0
11,De Aisén del Gral. C. Ibáñez del Campo,ACTIV_MADRE,0,4050,0.0
11,De Aisén del Gral. C. Ibáñez del Campo,OCUPA_MADRE,0,4050,0.0
11,De Aisén del Gral. C. Ibáñez del Campo,CATEG_MADRE,0,4050,0.0
11,De Aisén del Gral. C. Ibáñez del Campo,NACIONALIDAD_MADRE,0,4050,0.0
12,De Magallanes y de La Antártica Chilena,MES_NAC,0,6111,0.0
12,De Magallanes y de La Antártica Chilena,ANO_NAC,0,6111,0.0
12,De Magallanes y de La Antártica Chilena,SEXO,0,6111,0.0
12,De Magallanes y de La Antártica Chilena,TIPO_PARTO,0,6111,0.0
12,De Magallanes y de La Antártica Chilena,TIPO_ATEN,0,6111,0.0
12,De Magallanes y de La Antártica Chilena,PARTO_LOCAL,0,6111,0.0
12,De Magallanes y de La Antártica Chilena,SEMANAS,12,6111,0.19636720667648502
12,De Magallanes y de La Antártica Chilena,RANGO_PESO,0,6111,0.0
12,De Magallanes y de La Antártica Chilena,TALLA,12,6111,0.19636720667648502
12,De Magallanes y de La Antártica Chilena,GRUPO_ETARIO_PADRE,0,6111,0.0
12,De Magallanes y de La Antártica Chilena,CURSO_PADRE,0,6111,0.0
12,De Magallanes y de La Antártica Chilena,NIVEL_PADRE,409,6111,6.692848960890198
12,De Magallanes y de La Antártica Chilena,ACTIV_PADRE,450,6111,7.363770250368188
12,De Magallanes y de La Antártica Chilena,OCUPA_PADRE,0,6111,0.0
12,De Magallanes y de La Antártica Chilena,CATEG_PADRE,0,6111,0.0
12,De Magallanes y de La Antártica Chilena,GRUPO_ETARIO_MADRE,0,6111,0.0
12,De Magallanes y de La Antártica Chilena,EST_CIV_MADRE,0,6111,0.0
12,De Magallanes y de La Antártica Chilena,CURSO_MADRE,0,6111,0.0
12,De Magallanes y de La Antártica Chilena,NIVEL_MADRE,0,6111,0.0
12,De Magallanes y de La Antártica Chilena,ACTIV_MADRE,0,6111,0.0
12,De Magallanes y de La Antártica Chilena,OCUPA_MADRE,0,6111,0.0
12,De Magallanes y de La Antártica Chilena,CATEG_MADRE,0,6111,0.0
12,De Magallanes y de La Antártica Chilena,NACIONALIDAD_MADRE,0,6111,0.0
13,Metropolitana de Santiago,MES_NAC,0,299408,0.0
13,Metropolitana de Santiago,ANO_NAC,0,299408,0.0
13,Metropolitana de Santiago,SEXO,0,299408,0.0
13,Metropolitana de Santiago,TIPO_PARTO,0,299408,0.0
13,Metropolitana de Santiago,TIPO_ATEN,0,299408,0.0
13,Metropolitana de Santiago,PARTO_LOCAL,0,299408,0.0
13,Metropolitana de Santiago,SEMANAS,162,299408,0.05410677069416983
13,Metropolitana de Santiago,RANGO_PESO,0,299408,0.0
13,Metropolitana de Santiago,TALLA,162,299408,0.05410677069416983
13,Metropolitana de Santiago,GRUPO_ETARIO_PADRE,0,299408,0.0
13,Metropolitana de Santiago,CURSO_PADRE,0,299408,0.0
13,Metropolitana de Santiago,NIVEL_PADRE,19550,299408,6.529551648586544
13,Metropolitana de Santiago,ACTIV_PADRE,23338,299408,7.794714904077379
13,Metropolitana de Santiago,OCUPA_PADRE,0,299408,0.0
13,Metropolitana de Santiago,CATEG_PADRE,0,299408,0.0
13,Metropolitana de Santiago,GRUPO_ETARIO_MADRE,0,299408,0.0
13,Metropolitana de Santiago,EST_CIV_MADRE,0,299408,0.0
13,Metropolitana de Santiago,CURSO_MADRE,0,299408,0.0
13,Metropolitana de Santiago,NIVEL_MADRE,0,299408,0.0
13,Metropolitana de Santiago,ACTIV_MADRE,0,299408,0.0
13,Metropolitana de Santiago,OCUPA_MADRE,0,299408,0.0
13,Metropolitana de Santiago,CATEG_MADRE,0,299408,0.0
13,Metropolitana de Santiago,NACIONALIDAD_MADRE,0,299408,0.0
14,De Los Ríos,MES_NAC,0,14736,0.0
14,De Los Ríos,ANO_NAC,0,14736,0.0
14,De Los Ríos,SEXO,0,14736,0.0
14,De Los Ríos,TIPO_PARTO,0,14736,0.0
14,De Los Ríos,TIPO_ATEN,0,14736,0.0
14,De Los Ríos,PARTO_LOCAL,0,14736,0.0
14,De Los Ríos,SEMANAS,27,14736,0.18322475570032573
14,De Los Ríos,RANGO_PESO,0,14736,0.0
14,De Los Ríos,TALLA,27,14736,0.18322475570032573
14,De Los Ríos,GRUPO_ETARIO_PADRE,0,14736,0.0
14,De Los Ríos,CURSO_PADRE,0,14736,0.0
14,De Los Ríos,NIVEL_PADRE,1024,14736,6.948968512486428
14,De Los Ríos,ACTIV_PADRE,1184,14736,8.034744842562432
14,De Los Ríos,OCUPA_PADRE,0,14736,0.0
14,De Los Ríos,CATEG_PADRE,0,14736,0.0
14,De Los Ríos,GRUPO_ETARIO_MADRE,0,14736,0.0
14,De Los Ríos,EST_CIV_MADRE,0,14736,0.0
14,De Los Ríos,CURSO_MADRE,0,14736,0.0
14,De Los Ríos,NIVEL_MADRE,0,14736,0.0
14,De Los Ríos,ACTIV_MADRE,0,14736,0.0
14,De Los Ríos,OCUPA_MADRE,0,14736,0.0
14,De Los Ríos,CATEG_MADRE,0,14736,0.0
14,De Los Ríos,NACIONALIDAD_MADRE,0,14736,0.0
15,De Arica y Parinacota,MES_NAC,0,11107,0.0
15,De Arica y Parinacota,ANO_NAC,0,11107,0.0
15,De Arica y Parinacota,SEXO,0,11107,0.0
15,De Arica y Parinacota,TIPO_PARTO,0,11107,0.0
15,De Arica y Parinacota,TIPO_ATEN,0,11107,0.0
15,De Arica y Parinacota,PARTO_LOCAL,0,11107,0.0
15,De Arica y Parinacota,SEMANAS,5,11107,0.04501665616278023
15,De Arica y Parinacota,RANGO_PESO,0,11107,0.0
15,De Arica y Parinacota,TALLA,5,11107,0.04501665616278023
15,De Arica y Parinacota,GRUPO_ETARIO_PADRE,0,11107,0.0
15,De Arica y Parinacota,CURSO_PADRE,0,11107,0.0
15,De Arica y Parinacota,NIVEL_PADRE,1204,11107,10.84001080399748
15,De Arica y Parinacota,ACTIV_PADRE,1418,11107,12.766723687764474
15,De Arica y Parinacota,OCUPA_PADRE,0,11107,0.0
15,De Arica y Parinacota,CATEG_PADRE,0,11107,0.0
15,De Arica y Parinacota,GRUPO_ETARIO_MADRE,0,11107,0.0
15,De Arica y Parinacota,EST_CIV_MADRE,0,11107,0.0
15,De Arica y Parinacota,CURSO_MADRE,0,11107,0.0
15,De Arica y Parinacota,NIVEL_MADRE,0,11107,0.0
15,De Arica y Parinacota,ACTIV_MADRE,0,11107,0.0
15,De Arica y Parinacota,OCUPA_MADRE,0,11107,0.0
15,De Arica y Parinacota,CATEG_MADRE,0,11107,0.0
15,De Arica y Parinacota,NACIONALIDAD_MADRE,0,11107,0.0
16,De Ñuble,MES_NAC,0,18936,0.0
16,De Ñuble,ANO_NAC,0,18936,0.0
16,De Ñuble,SEXO,0,18936,0.0
16,De Ñuble,TIPO_PARTO,0,18936,0.0
16,De Ñuble,TIPO_ATEN,0,18936,0.0
16,De Ñuble,PARTO_LOCAL,0,18936,0.0
16,De Ñuble,SEMANAS,17,18936,0.08977608787494719
16,De Ñuble,RANGO_PESO,0,18936,0.0
16,De Ñuble,TALLA,17,18936,0.08977608787494719
16,De Ñuble,GRUPO_ETARIO_PADRE,0,18936,0.0
16,De Ñuble,CURSO_PADRE,0,18936,0.0
16,De Ñuble,NIVEL_PADRE,1147,18936,6.057245458386142
16,De Ñuble,ACTIV_PADRE,1408,18936,7.435572454583862
16,De Ñuble,OCUPA_PADRE,0,18936,0.0
16,De Ñuble,CATEG_PADRE,0,18936,0.0
16,De Ñuble,GRUPO_ETARIO_MADRE,0,18936,0.0
16,De Ñuble,EST_CIV_MADRE,0,18936,0.0
16,De Ñuble,CURSO_MADRE,0,18936,0.0
16,De Ñuble,NIVEL_MADRE,0,18936,0.0
16,De Ñuble,ACTIV_MADRE,0,18936,0.0
16,De Ñuble,OCUPA_MADRE,0,18936,0.0
16,De Ñuble,CATEG_MADRE,0,18936,0.0
16,De Ñuble,NACIONALIDAD_MADRE,0,18936,0.0
