ruta,valor
proyecto.grupo,2
proyecto.periodo,2020–2023 acumulado
ejecucion.fecha,2026-10-02
ejecucion.python,3.13.15
ejecucion.bibliotecas.pandas,3.0.5
ejecucion.bibliotecas.numpy,2.5.2
ejecucion.bibliotecas.matplotlib,3.11.1
fuente.archivo,Serie_Nacimientos_2020_2023.csv
fuente.sha256,ebe234095c74e13f5f6a2ebf9b11ccf9bc47eb78e85be5e31a45c35a3839c0de
fuente.filas,735611
fuente.columnas,25
fuente.fecha_descarga,2026-09-13
fuente.licencia,No se identificó una licencia específica para esta serie; la Norma Técnica N.º 241 del MINSAL (2025) define los datos abiertos como reutilizables con atribución y el requisito de compartirse igual que aparecen.
fuente.norma_datos_abiertos,https://repositoriodeis.minsal.cl/ContenidoSitioWeb2020/EstandaresNormativa/Norma%20t%C3%A9cnica%20241%20de%20anonimizaci%C3%B3n%20datos%20abiertos.pdf
preparacion.metodo_propuesto,mediana_region
preparacion.decision_grupo,mediana regional aprobada por el grupo
preparacion.imputados,597
preparacion.filas_iguales_adicionales,8105
pendientes.revision_equipo,pendiente
